Workbook

Sheet ab_r_1
A1: port | B1: method | C1: rps | D1: avg_ms | E1: p95_ms | F1: failed
A2: springboot | B2: GET | C2: 413.82 | D2: 241.653 | E2: 401 | F2: 0
A3: springboot | B3: POST | C3: 535.6 | D3: 186.706 | E3: 409 | F3: 0
A4: vertx | B4: GET | C4: 431.18 | D4: 231.92 | E4: 499 | F4: 0
A5: vertx | B5: POST | C5: 1304.57 | D5: 76.654 | E5: 98 | F5: 0
A6: quarkus | B6: GET | C6: 584.15 | D6: 171.19 | E6: 386 | F6: 0
A7: quarkus | B7: POST | C7: 1057.26 | D7: 94.584 | E7: 110 | F7: 0
A8: quarkusnative | B8: GET | C8: 1192.3 | D8: 83.871 | E8: 161 | F8: 0
A9: quarkusnative | B9: POST | C9: 1640.51 | D9: 60.957 | E9: 109 | F9: 0
A10: ginweb | B10: GET | C10: 585.75 | D10: 170.721 | E10: 386 | F10: 0
A11: ginweb | B11: POST | C11: 1545.72 | D11: 64.695 | E11: 170 | F11: 0
A12: beego | B12: GET | C12: 566.54 | D12: 176.511 | E12: 389 | F12: 0
A13: beego | B13: POST | C13: 964.39 | D13: 103.692 | E13: 186 | F13: 0

Sheet ab_r_2
A1: port | B1: method | C1: rps | D1: avg_ms | E1: p95_ms | F1: failed
A2: springboot | B2: GET | C2: 419.32 | D2: 238.481 | E2: 484 | F2: 0
A3: springboot | B3: POST | C3: 530.25 | D3: 188.592 | E3: 405 | F3: 0
A4: vertx | B4: GET | C4: 429.2 | D4: 232.99 | E4: 497 | F4: 0
A5: vertx | B5: POST | C5: 1303.68 | D5: 76.706 | E5: 97 | F5: 0
A6: quarkus | B6: GET | C6: 569.47 | D6: 175.603 | E6: 392 | F6: 0
A7: quarkus | B7: POST | C7: 1115.67 | D7: 89.632 | E7: 103 | F7: 0
A8: quarkusnative | B8: GET | C8: 1206.82 | D8: 82.862 | E8: 158 | F8: 0
A9: quarkusnative | B9: POST | C9: 1706.96 | D9: 58.584 | E9: 86 | F9: 0
A10: ginweb | B10: GET | C10: 580.4 | D10: 172.296 | E10: 387 | F10: 0
A11: ginweb | B11: POST | C11: 1374.63 | D11: 72.747 | E11: 178 | F11: 0
A12: beego | B12: GET | C12: 551.24 | D12: 181.409 | E12: 391 | F12: 0
A13: beego | B13: POST | C13: 983.76 | D13: 101.651 | E13: 177 | F13: 0

Sheet ab_r_3
A1: port | B1: method | C1: rps | D1: avg_ms | E1: p95_ms | F1: failed
A2: springboot | B2: GET | C2: 407.03 | D2: 245.68 | E2: 402 | F2: 0
A3: springboot | B3: POST | C3: 508.43 | D3: 196.684 | E3: 486 | F3: 0
A4: vertx | B4: GET | C4: 434.13 | D4: 230.344 | E4: 502 | F4: 0
A5: vertx | B5: POST | C5: 1254.29 | D5: 79.726 | E5: 100 | F5: 0
A6: quarkus | B6: GET | C6: 561.67 | D6: 178.04 | E6: 306 | F6: 0
A7: quarkus | B7: POST | C7: 1078.9 | D7: 92.687 | E7: 108 | F7: 0
A8: quarkusnative | B8: GET | C8: 1083.56 | D8: 92.288 | E8: 170 | F8: 0
A9: quarkusnative | B9: POST | C9: 1682.21 | D9: 59.446 | E9: 84 | F9: 0
A10: ginweb | B10: GET | C10: 571.3 | D10: 175.041 | E10: 387 | F10: 0
A11: ginweb | B11: POST | C11: 1391.33 | D11: 71.874 | E11: 170 | F11: 0
A12: beego | B12: GET | C12: 552.8 | D12: 180.899 | E12: 391 | F12: 0
A13: beego | B13: POST | C13: 971.78 | D13: 102.904 | E13: 182 | F13: 0

Sheet jm_r_1
C1: Executions | F1: Response Times (ms) | N1: Network (KB/sec)
A2: Post | B2: Label | C2: Samples | D2: FAIL | E2: Error % | F2: Average | G2: Min | H2: Max | I2: Median | J2: 90th pct | K2: 95th pct | L2: 99th pct | M2: Transactions/s | N2: Received | O2: Sent
A3: springboot | B3: Get | C3: 10000 | D3: 0 | E3: 0 | F3: 304.89 | G3: 0 | H3: 4477 | I3: 193 | J3: 542 | K3: 744 | L3: 3779 | M3: 157.1 | N3: 34.35 | O3: 20.1
A4: springboot | B4: Post | C4: 10000 | D4: 17 | E4: 0.0017 | F4: 309.96 | G4: 4 | H4: 7337 | I4: 196 | J4: 571.9 | K4: 814 | L4: 2710.92 | M4: 167.03 | N4: 28.64 | O4: 39.8
A5: vertx | B5: Get | C5: 10000 | D5: 0 | E5: 0 | F5: 203.93 | G5: 0 | H5: 2781 | I5: 138 | J5: 301 | K5: 390 | L5: 2485.99 | M5: 150.57 | N5: 14.7 | O5: 19.26
A6: vertx | B6: Post | C6: 10000 | D6: 0 | E6: 0 | F6: 447.68 | G6: 4 | H6: 3915 | I6: 372 | J6: 709 | K6: 880 | L6: 1499.99 | M6: 156.4 | N6: 9.16 | O6: 37.27
A7: quarkus | B7: Get | C7: 10000 | D7: 21 | E7: 0.0021 | F7: 230.85 | G7: 0 | H7: 5684 | I7: 137 | J7: 432 | K7: 619.95 | L7: 2202.99 | M7: 184.62 | N7: 29.75 | O7: 23.62
A8: quarkus | B8: Post | C8: 10000 | D8: 39 | E8: 0.0039 | F8: 277.74 | G8: 3 | H8: 6485 | I8: 156 | J8: 487 | K8: 731.85 | L8: 3179.96 | M8: 192.11 | N8: 16.58 | O8: 45.78
A9: quarkusnative | B9: Get | C9: 10000 | D9: 26 | E9: 0.0026 | F9: 188.72 | G9: 0 | H9: 4432 | I9: 128 | J9: 358 | K9: 465 | L9: 1123.95 | M9: 218.19 | N9: 35.16 | O9: 27.91
A10: quarkusnative | B10: Post | C10: 10000 | D10: 30 | E10: 0.003 | F10: 239.26 | G10: 3 | H10: 6199 | I10: 140 | J10: 416 | K10: 575 | L10: 3055.92 | M10: 219.28 | N10: 18.9 | O10: 52.25
A11: ginweb | B11: Get | C11: 10000 | D11: 0 | E11: 0 | F11: 137.4 | G11: 0 | H11: 670 | I11: 105 | J11: 295 | K11: 304 | L11: 401.99 | M11: 353.83 | N11: 67.73 | O11: 45.27
A12: ginweb | B12: Post | C12: 10000 | D12: 10000 | E12: 1 | F12: 139.09 | G12: 0 | H12: 597 | I12: 106 | J12: 295 | K12: 304 | L12: 401 | M12: 355.96 | N12: 56.31 | O12: 84.82
A13: beego | B13: Get | C13: 10000 | D13: 0 | E13: 0 | F13: 145.34 | G13: 0 | H13: 687 | I13: 107 | J13: 298 | K13: 308 | L13: 412 | M13: 331.21 | N13: 78.92 | O13: 42.37
A14: beego | B14: Post | C14: 10000 | D14: 10000 | E14: 1 | F14: 148.8 | G14: 0 | H14: 598 | I14: 108 | J14: 298 | K14: 311 | L14: 404 | M14: 331.91 | N14: 69.69 | O14: 79.09

Sheet jm_r_2
C1: Executions | F1: Response Times (ms) | N1: Network (KB/sec)
A2: Post | B2: Label | C2: Samples | D2: FAIL | E2: Error % | F2: Average | G2: Min | H2: Max | I2: Median | J2: 90th pct | K2: 95th pct | L2: 99th pct | M2: Transactions/s | N2: Received | O2: Sent
A3: springboot | B3: Get | C3: 10000 | D3: 0 | E3: 0 | F3: 295.08 | G3: 0 | H3: 4265 | I3: 195 | J3: 516 | K3: 688 | L3: 3873.21 | M3: 160.5 | N3: 35.09 | O3: 20.53
A4: springboot | B4: Post | C4: 10000 | D4: 17 | E4: 0.0017 | F4: 307.59 | G4: 4 | H4: 6381 | I4: 199 | J4: 549 | K4: 786.95 | L4: 2634.64 | M4: 170.9 | N4: 29.31 | O4: 40.72
A5: vertx | B5: Get | C5: 10000 | D5: 1 | E5: 0.0001 | F5: 207.2 | G5: 0 | H5: 3153 | I5: 140 | J5: 305.9 | K5: 423 | L5: 2459 | M5: 149.1 | N5: 14.56 | O5: 19.07
A6: vertx | B6: Post | C6: 10000 | D6: 0 | E6: 0 | F6: 451.06 | G6: 4 | H6: 4255 | I6: 373 | J6: 683.9 | K6: 874 | L6: 1661.76 | M6: 154.78 | N6: 9.07 | O6: 36.88
A7: quarkus | B7: Get | C7: 10000 | D7: 24 | E7: 0.0024 | F7: 240.27 | G7: 0 | H7: 6024 | I7: 145 | J7: 461 | K7: 636.9 | L7: 2087 | M7: 179.38 | N7: 28.91 | O7: 22.95
A8: quarkus | B8: Post | C8: 10000 | D8: 38 | E8: 0.0038 | F8: 290.14 | G8: 3 | H8: 6604 | I8: 160 | J8: 536 | K8: 822.95 | L8: 3122.98 | M8: 186.35 | N8: 16.08 | O8: 44.4
A9: quarkusnative | B9: Get | C9: 10000 | D9: 9 | E9: 0.0009 | F9: 221.19 | G9: 0 | H9: 6427 | I9: 149 | J9: 431 | K9: 580.95 | L9: 1437.9 | M9: 188.79 | N9: 30.42 | O9: 24.15
A10: quarkusnative | B10: Post | C10: 10000 | D10: 11 | E10: 0.0011 | F10: 277.37 | G10: 3 | H10: 5604 | I10: 168 | J10: 517 | K10: 746.95 | L10: 2801.87 | M10: 189.59 | N10: 16.31 | O10: 45.18
A11: ginweb | B11: Get | C11: 10000 | D11: 0 | E11: 0 | F11: 142.95 | G11: 0 | H11: 837 | I11: 106 | J11: 297 | K11: 310 | L11: 437 | M11: 338.5 | N11: 64.79 | O11: 43.3
A12: ginweb | B12: Post | C12: 10000 | D12: 10000 | E12: 1 | F12: 146.1 | G12: 0 | H12: 596 | I12: 108 | J12: 298 | K12: 308 | L12: 404 | M12: 340.31 | N12: 53.84 | O12: 81.09
A13: beego | B13: Get | C13: 10000 | D13: 0 | E13: 0 | F13: 150.41 | G13: 0 | H13: 714 | I13: 109 | J13: 299 | K13: 388 | L13: 421.99 | M13: 322.51 | N13: 76.85 | O13: 41.26
A14: beego | B14: Post | C14: 10000 | D14: 10000 | E14: 1 | F14: 151.8 | G14: 0 | H14: 600 | I14: 110 | J14: 299 | K14: 373 | L14: 407.99 | M14: 323.15 | N14: 67.85 | O14: 77

Sheet jm_r_3
C1: Executions | F1: Response Times (ms) | N1: Network (KB/sec)
A2: Post | B2: Label | C2: Samples | D2: FAIL | E2: Error % | F2: Average | G2: Min | H2: Max | I2: Median | J2: 90th pct | K2: 95th pct | L2: 99th pct | M2: Transactions/s | N2: Received | O2: Sent
A3: springboot | B3: Get | C3: 10000 | D3: 0 | E3: 0 | F3: 289.24 | G3: 0 | H3: 4260 | I3: 190 | J3: 516 | K3: 719 | L3: 3198 | M3: 162.13 | N3: 35.46 | O3: 20.74
A4: springboot | B4: Post | C4: 10000 | D4: 17 | E4: 0.0017 | F4: 305.66 | G4: 4 | H4: 6273 | I4: 193 | J4: 556 | K4: 803 | L4: 2801.9 | M4: 170.73 | N4: 29.28 | O4: 40.68
A5: vertx | B5: Get | C5: 10000 | D5: 1 | E5: 0.0001 | F5: 198.61 | G5: 1 | H5: 3050 | I5: 137 | J5: 298 | K5: 405 | L5: 2374.99 | M5: 154.03 | N5: 15.04 | O5: 19.7
A6: vertx | B6: Post | C6: 10000 | D6: 0 | E6: 0 | F6: 439.53 | G6: 4 | H6: 3391 | I6: 368 | J6: 682 | K6: 923.95 | L6: 1522.88 | M6: 159.88 | N6: 9.37 | O6: 38.1
A7: quarkus | B7: Get | C7: 10000 | D7: 29 | E7: 0.0029 | F7: 226.41 | G7: 0 | H7: 6335 | I7: 136 | J7: 425 | K7: 593 | L7: 2043 | M7: 190.54 | N7: 30.71 | O7: 24.38
A8: quarkus | B8: Post | C8: 10000 | D8: 32 | E8: 0.0032 | F8: 267.92 | G8: 3 | H8: 8730 | I8: 147 | J8: 483 | K8: 728.95 | L8: 3084 | M8: 197.51 | N8: 17.03 | O8: 47.06
A9: quarkusnative | B9: Get | C9: 10000 | D9: 6 | E9: 0.0006 | F9: 214.07 | G9: 0 | H9: 5108 | I9: 145 | J9: 423 | K9: 556 | L9: 1216.87 | M9: 190.64 | N9: 30.72 | O9: 24.39
A10: quarkusnative | B10: Post | C10: 10000 | D10: 7 | E10: 0.0007 | F10: 277.66 | G10: 4 | H10: 5887 | I10: 167 | J10: 507 | K10: 729 | L10: 2908.71 | M10: 191.34 | N10: 16.46 | O10: 45.59
A11: ginweb | B11: Get | C11: 10000 | D11: 0 | E11: 0 | F11: 144.04 | G11: 0 | H11: 762 | I11: 106 | J11: 298 | K11: 311 | L11: 466 | M11: 338.13 | N11: 64.72 | O11: 43.26
A12: ginweb | B12: Post | C12: 10000 | D12: 10000 | E12: 1 | F12: 143.98 | G12: 0 | H12: 603 | I12: 107 | J12: 297 | K12: 306 | L12: 402 | M12: 338.98 | N12: 53.63 | O12: 80.77
A13: beego | B13: Get | C13: 10000 | D13: 0 | E13: 0 | F13: 155.75 | G13: 0 | H13: 720 | I13: 110 | J13: 301 | K13: 392 | L13: 490 | M13: 313.14 | N13: 74.61 | O13: 40.06
A14: beego | B14: Post | C14: 10000 | D14: 10000 | E14: 1 | F14: 155.18 | G14: 0 | H14: 605 | I14: 110.5 | J14: 301 | K14: 391 | L14: 488 | M14: 313.73 | N14: 65.87 | O14: 74.75

Sheet ab_arg
A1: port | B1: method | C1: rps | D1: avg_ms | E1: p95_ms | F1: failed
A2: springboot | B2: GET | C2: =AVERAGE(ab_r_1!C2,ab_r_2!C2,ab_r_3!C2) -> 413.39 | D2: =AVERAGE(ab_r_1!D2,ab_r_2!D2,ab_r_3!D2) -> 241.938 | E2: =AVERAGE(ab_r_1!E2,ab_r_2!E2,ab_r_3!E2) -> 429 | F2: =AVERAGE(ab_r_1!F2,ab_r_2!F2,ab_r_3!F2) -> 0
A3: springboot | B3: POST | C3: =AVERAGE(ab_r_1!C3,ab_r_2!C3,ab_r_3!C3) -> 524.76 | D3: =AVERAGE(ab_r_1!D3,ab_r_2!D3,ab_r_3!D3) -> 190.66067 | E3: =AVERAGE(ab_r_1!E3,ab_r_2!E3,ab_r_3!E3) -> 433.33333 | F3: =AVERAGE(ab_r_1!F3,ab_r_2!F3,ab_r_3!F3) -> 0
A4: vertx | B4: GET | C4: =AVERAGE(ab_r_1!C4,ab_r_2!C4,ab_r_3!C4) -> 431.50333 | D4: =AVERAGE(ab_r_1!D4,ab_r_2!D4,ab_r_3!D4) -> 231.75133 | E4: =AVERAGE(ab_r_1!E4,ab_r_2!E4,ab_r_3!E4) -> 499.33333 | F4: =AVERAGE(ab_r_1!F4,ab_r_2!F4,ab_r_3!F4) -> 0
A5: vertx | B5: POST | C5: =AVERAGE(ab_r_1!C5,ab_r_2!C5,ab_r_3!C5) -> 1287.5133 | D5: =AVERAGE(ab_r_1!D5,ab_r_2!D5,ab_r_3!D5) -> 77.695333 | E5: =AVERAGE(ab_r_1!E5,ab_r_2!E5,ab_r_3!E5) -> 98.333333 | F5: =AVERAGE(ab_r_1!F5,ab_r_2!F5,ab_r_3!F5) -> 0
A6: quarkus | B6: GET | C6: =AVERAGE(ab_r_1!C6,ab_r_2!C6,ab_r_3!C6) -> 571.76333 | D6: =AVERAGE(ab_r_1!D6,ab_r_2!D6,ab_r_3!D6) -> 174.94433 | E6: =AVERAGE(ab_r_1!E6,ab_r_2!E6,ab_r_3!E6) -> 361.33333 | F6: =AVERAGE(ab_r_1!F6,ab_r_2!F6,ab_r_3!F6) -> 0
A7: quarkus | B7: POST | C7: =AVERAGE(ab_r_1!C7,ab_r_2!C7,ab_r_3!C7) -> 1083.9433 | D7: =AVERAGE(ab_r_1!D7,ab_r_2!D7,ab_r_3!D7) -> 92.301 | E7: =AVERAGE(ab_r_1!E7,ab_r_2!E7,ab_r_3!E7) -> 107 | F7: =AVERAGE(ab_r_1!F7,ab_r_2!F7,ab_r_3!F7) -> 0
A8: quarkusnative | B8: GET | C8: =AVERAGE(ab_r_1!C8,ab_r_2!C8,ab_r_3!C8) -> 1160.8933 | D8: =AVERAGE(ab_r_1!D8,ab_r_2!D8,ab_r_3!D8) -> 86.340333 | E8: =AVERAGE(ab_r_1!E8,ab_r_2!E8,ab_r_3!E8) -> 163 | F8: =AVERAGE(ab_r_1!F8,ab_r_2!F8,ab_r_3!F8) -> 0
A9: quarkusnative | B9: POST | C9: =AVERAGE(ab_r_1!C9,ab_r_2!C9,ab_r_3!C9) -> 1676.56 | D9: =AVERAGE(ab_r_1!D9,ab_r_2!D9,ab_r_3!D9) -> 59.662333 | E9: =AVERAGE(ab_r_1!E9,ab_r_2!E9,ab_r_3!E9) -> 93 | F9: =AVERAGE(ab_r_1!F9,ab_r_2!F9,ab_r_3!F9) -> 0
A10: ginweb | B10: GET | C10: =AVERAGE(ab_r_1!C10,ab_r_2!C10,ab_r_3!C10) -> 579.15 | D10: =AVERAGE(ab_r_1!D10,ab_r_2!D10,ab_r_3!D10) -> 172.686 | E10: =AVERAGE(ab_r_1!E10,ab_r_2!E10,ab_r_3!E10) -> 386.66667 | F10: =AVERAGE(ab_r_1!F10,ab_r_2!F10,ab_r_3!F10) -> 0
A11: ginweb | B11: POST | C11: =AVERAGE(ab_r_1!C11,ab_r_2!C11,ab_r_3!C11) -> 1437.2267 | D11: =AVERAGE(ab_r_1!D11,ab_r_2!D11,ab_r_3!D11) -> 69.772 | E11: =AVERAGE(ab_r_1!E11,ab_r_2!E11,ab_r_3!E11) -> 172.66667 | F11: =AVERAGE(ab_r_1!F11,ab_r_2!F11,ab_r_3!F11) -> 0
A12: beego | B12: GET | C12: =AVERAGE(ab_r_1!C12,ab_r_2!C12,ab_r_3!C12) -> 556.86 | D12: =AVERAGE(ab_r_1!D12,ab_r_2!D12,ab_r_3!D12) -> 179.60633 | E12: =AVERAGE(ab_r_1!E12,ab_r_2!E12,ab_r_3!E12) -> 390.33333 | F12: =AVERAGE(ab_r_1!F12,ab_r_2!F12,ab_r_3!F12) -> 0
A13: beego | B13: POST | C13: =AVERAGE(ab_r_1!C13,ab_r_2!C13,ab_r_3!C13) -> 973.31 | D13: =AVERAGE(ab_r_1!D13,ab_r_2!D13,ab_r_3!D13) -> 102.749 | E13: =AVERAGE(ab_r_1!E13,ab_r_2!E13,ab_r_3!E13) -> 181.66667 | F13: =AVERAGE(ab_r_1!F13,ab_r_2!F13,ab_r_3!F13) -> 0

Sheet jm_arg
C1: Executions | F1: Response Times (ms) | N1: Network (KB/sec)
A2: Post | B2: Label | C2: Samples | D2: FAIL | E2: Error % | F2: Average | G2: Min | H2: Max | I2: Median | J2: 90th pct | K2: 95th pct | L2: 99th pct | M2: Transactions/s | N2: Received | O2: Sent
A3: springboot | B3: Get | C3: 10000 | D3: =AVERAGE(jm_r_1!D3,jm_r_2!D3,jm_r_3!D3) -> 0 | E3: =AVERAGE(jm_r_1!E3,jm_r_2!E3,jm_r_3!E3) -> 0 | F3: =AVERAGE(jm_r_1!F3,jm_r_2!F3,jm_r_3!F3) -> 296.40333 | G3: =AVERAGE(jm_r_1!G3,jm_r_2!G3,jm_r_3!G3) -> 0 | H3: =AVERAGE(jm_r_1!H3,jm_r_2!H3,jm_r_3!H3) -> 4334 | I3: =AVERAGE(jm_r_1!I3,jm_r_2!I3,jm_r_3!I3) -> 192.66667 | J3: =AVERAGE(jm_r_1!J3,jm_r_2!J3,jm_r_3!J3) -> 524.66667 | K3: =AVERAGE(jm_r_1!K3,jm_r_2!K3,jm_r_3!K3) -> 717 | ... O3: =AVERAGE(jm_r_1!O3,jm_r_2!O3,jm_r_3!O3) -> 20.456667
A4: springboot | B4: Post | C4: 10000 | D4: =AVERAGE(jm_r_1!D4,jm_r_2!D4,jm_r_3!D4) -> 17 | E4: =AVERAGE(jm_r_1!E4,jm_r_2!E4,jm_r_3!E4) -> 0.0017 | F4: =AVERAGE(jm_r_1!F4,jm_r_2!F4,jm_r_3!F4) -> 307.73667 | G4: =AVERAGE(jm_r_1!G4,jm_r_2!G4,jm_r_3!G4) -> 4 | H4: =AVERAGE(jm_r_1!H4,jm_r_2!H4,jm_r_3!H4) -> 6663.6667 | I4: =AVERAGE(jm_r_1!I4,jm_r_2!I4,jm_r_3!I4) -> 196 | J4: =AVERAGE(jm_r_1!J4,jm_r_2!J4,jm_r_3!J4) -> 558.96667 | K4: =AVERAGE(jm_r_1!K4,jm_r_2!K4,jm_r_3!K4) -> 801.31667 | ... O4: =AVERAGE(jm_r_1!O4,jm_r_2!O4,jm_r_3!O4) -> 40.4
A5: vertx | B5: Get | C5: 10000 | D5: =AVERAGE(jm_r_1!D5,jm_r_2!D5,jm_r_3!D5) -> 0.66666667 | E5: =AVERAGE(jm_r_1!E5,jm_r_2!E5,jm_r_3!E5) -> 6.6666667e-05 | F5: =AVERAGE(jm_r_1!F5,jm_r_2!F5,jm_r_3!F5) -> 203.24667 | G5: =AVERAGE(jm_r_1!G5,jm_r_2!G5,jm_r_3!G5) -> 0.33333333 | H5: =AVERAGE(jm_r_1!H5,jm_r_2!H5,jm_r_3!H5) -> 2994.6667 | I5: =AVERAGE(jm_r_1!I5,jm_r_2!I5,jm_r_3!I5) -> 138.33333 | J5: =AVERAGE(jm_r_1!J5,jm_r_2!J5,jm_r_3!J5) -> 301.63333 | K5: =AVERAGE(jm_r_1!K5,jm_r_2!K5,jm_r_3!K5) -> 406 | ... O5: =AVERAGE(jm_r_1!O5,jm_r_2!O5,jm_r_3!O5) -> 19.343333
A6: vertx | B6: Post | C6: 10000 | D6: =AVERAGE(jm_r_1!D6,jm_r_2!D6,jm_r_3!D6) -> 0 | E6: =AVERAGE(jm_r_1!E6,jm_r_2!E6,jm_r_3!E6) -> 0 | F6: =AVERAGE(jm_r_1!F6,jm_r_2!F6,jm_r_3!F6) -> 446.09 | G6: =AVERAGE(jm_r_1!G6,jm_r_2!G6,jm_r_3!G6) -> 4 | H6: =AVERAGE(jm_r_1!H6,jm_r_2!H6,jm_r_3!H6) -> 3853.6667 | I6: =AVERAGE(jm_r_1!I6,jm_r_2!I6,jm_r_3!I6) -> 371 | J6: =AVERAGE(jm_r_1!J6,jm_r_2!J6,jm_r_3!J6) -> 691.63333 | K6: =AVERAGE(jm_r_1!K6,jm_r_2!K6,jm_r_3!K6) -> 892.65 | ... O6: =AVERAGE(jm_r_1!O6,jm_r_2!O6,jm_r_3!O6) -> 37.416667
A7: quarkus | B7: Get | C7: 10000 | D7: =AVERAGE(jm_r_1!D7,jm_r_2!D7,jm_r_3!D7) -> 24.666667 | E7: =AVERAGE(jm_r_1!E7,jm_r_2!E7,jm_r_3!E7) -> 0.0024666667 | F7: =AVERAGE(jm_r_1!F7,jm_r_2!F7,jm_r_3!F7) -> 232.51 | G7: =AVERAGE(jm_r_1!G7,jm_r_2!G7,jm_r_3!G7) -> 0 | H7: =AVERAGE(jm_r_1!H7,jm_r_2!H7,jm_r_3!H7) -> 6014.3333 | I7: =AVERAGE(jm_r_1!I7,jm_r_2!I7,jm_r_3!I7) -> 139.33333 | J7: =AVERAGE(jm_r_1!J7,jm_r_2!J7,jm_r_3!J7) -> 439.33333 | K7: =AVERAGE(jm_r_1!K7,jm_r_2!K7,jm_r_3!K7) -> 616.61667 | ... O7: =AVERAGE(jm_r_1!O7,jm_r_2!O7,jm_r_3!O7) -> 23.65
A8: quarkus | B8: Post | C8: 10000 | D8: =AVERAGE(jm_r_1!D8,jm_r_2!D8,jm_r_3!D8) -> 36.333333 | E8: =AVERAGE(jm_r_1!E8,jm_r_2!E8,jm_r_3!E8) -> 0.0036333333 | F8: =AVERAGE(jm_r_1!F8,jm_r_2!F8,jm_r_3!F8) -> 278.6 | G8: =AVERAGE(jm_r_1!G8,jm_r_2!G8,jm_r_3!G8) -> 3 | H8: =AVERAGE(jm_r_1!H8,jm_r_2!H8,jm_r_3!H8) -> 7273 | I8: =AVERAGE(jm_r_1!I8,jm_r_2!I8,jm_r_3!I8) -> 154.33333 | J8: =AVERAGE(jm_r_1!J8,jm_r_2!J8,jm_r_3!J8) -> 502 | K8: =AVERAGE(jm_r_1!K8,jm_r_2!K8,jm_r_3!K8) -> 761.25 | ... O8: =AVERAGE(jm_r_1!O8,jm_r_2!O8,jm_r_3!O8) -> 45.746667
A9: quarkusnative | B9: Get | C9: 10000 | D9: =AVERAGE(jm_r_1!D9,jm_r_2!D9,jm_r_3!D9) -> 13.666667 | E9: =AVERAGE(jm_r_1!E9,jm_r_2!E9,jm_r_3!E9) -> 0.0013666667 | F9: =AVERAGE(jm_r_1!F9,jm_r_2!F9,jm_r_3!F9) -> 207.99333 | G9: =AVERAGE(jm_r_1!G9,jm_r_2!G9,jm_r_3!G9) -> 0 | H9: =AVERAGE(jm_r_1!H9,jm_r_2!H9,jm_r_3!H9) -> 5322.3333 | I9: =AVERAGE(jm_r_1!I9,jm_r_2!I9,jm_r_3!I9) -> 140.66667 | J9: =AVERAGE(jm_r_1!J9,jm_r_2!J9,jm_r_3!J9) -> 404 | K9: =AVERAGE(jm_r_1!K9,jm_r_2!K9,jm_r_3!K9) -> 533.98333 | ... O9: =AVERAGE(jm_r_1!O9,jm_r_2!O9,jm_r_3!O9) -> 25.483333
A10: quarkusnative | B10: Post | C10: 10000 | D10: =AVERAGE(jm_r_1!D10,jm_r_2!D10,jm_r_3!D10) -> 16 | E10: =AVERAGE(jm_r_1!E10,jm_r_2!E10,jm_r_3!E10) -> 0.0016 | F10: =AVERAGE(jm_r_1!F10,jm_r_2!F10,jm_r_3!F10) -> 264.76333 | G10: =AVERAGE(jm_r_1!G10,jm_r_2!G10,jm_r_3!G10) -> 3.3333333 | H10: =AVERAGE(jm_r_1!H10,jm_r_2!H10,jm_r_3!H10) -> 5896.6667 | I10: =AVERAGE(jm_r_1!I10,jm_r_2!I10,jm_r_3!I10) -> 158.33333 | J10: =AVERAGE(jm_r_1!J10,jm_r_2!J10,jm_r_3!J10) -> 480 | K10: =AVERAGE(jm_r_1!K10,jm_r_2!K10,jm_r_3!K10) -> 683.65 | ... O10: =AVERAGE(jm_r_1!O10,jm_r_2!O10,jm_r_3!O10) -> 47.673333
A11: ginweb | B11: Get | C11: 10000 | D11: =AVERAGE(jm_r_1!D11,jm_r_2!D11,jm_r_3!D11) -> 0 | E11: =AVERAGE(jm_r_1!E11,jm_r_2!E11,jm_r_3!E11) -> 0 | F11: =AVERAGE(jm_r_1!F11,jm_r_2!F11,jm_r_3!F11) -> 141.46333 | G11: =AVERAGE(jm_r_1!G11,jm_r_2!G11,jm_r_3!G11) -> 0 | H11: =AVERAGE(jm_r_1!H11,jm_r_2!H11,jm_r_3!H11) -> 756.33333 | I11: =AVERAGE(jm_r_1!I11,jm_r_2!I11,jm_r_3!I11) -> 105.66667 | J11: =AVERAGE(jm_r_1!J11,jm_r_2!J11,jm_r_3!J11) -> 296.66667 | K11: =AVERAGE(jm_r_1!K11,jm_r_2!K11,jm_r_3!K11) -> 308.33333 | ... O11: =AVERAGE(jm_r_1!O11,jm_r_2!O11,jm_r_3!O11) -> 43.943333
A12: ginweb | B12: Post | C12: 10000 | D12: =AVERAGE(jm_r_1!D12,jm_r_2!D12,jm_r_3!D12) -> 10000 | E12: =AVERAGE(jm_r_1!E12,jm_r_2!E12,jm_r_3!E12) -> 1 | F12: =AVERAGE(jm_r_1!F12,jm_r_2!F12,jm_r_3!F12) -> 143.05667 | G12: =AVERAGE(jm_r_1!G12,jm_r_2!G12,jm_r_3!G12) -> 0 | H12: =AVERAGE(jm_r_1!H12,jm_r_2!H12,jm_r_3!H12) -> 598.66667 | I12: =AVERAGE(jm_r_1!I12,jm_r_2!I12,jm_r_3!I12) -> 107 | J12: =AVERAGE(jm_r_1!J12,jm_r_2!J12,jm_r_3!J12) -> 296.66667 | K12: =AVERAGE(jm_r_1!K12,jm_r_2!K12,jm_r_3!K12) -> 306 | ... O12: =AVERAGE(jm_r_1!O12,jm_r_2!O12,jm_r_3!O12) -> 82.226667
A13: beego | B13: Get | C13: 10000 | D13: =AVERAGE(jm_r_1!D13,jm_r_2!D13,jm_r_3!D13) -> 0 | E13: =AVERAGE(jm_r_1!E13,jm_r_2!E13,jm_r_3!E13) -> 0 | F13: =AVERAGE(jm_r_1!F13,jm_r_2!F13,jm_r_3!F13) -> 150.5 | G13: =AVERAGE(jm_r_1!G13,jm_r_2!G13,jm_r_3!G13) -> 0 | H13: =AVERAGE(jm_r_1!H13,jm_r_2!H13,jm_r_3!H13) -> 707 | I13: =AVERAGE(jm_r_1!I13,jm_r_2!I13,jm_r_3!I13) -> 108.66667 | J13: =AVERAGE(jm_r_1!J13,jm_r_2!J13,jm_r_3!J13) -> 299.33333 | K13: =AVERAGE(jm_r_1!K13,jm_r_2!K13,jm_r_3!K13) -> 362.66667 | ... O13: =AVERAGE(jm_r_1!O13,jm_r_2!O13,jm_r_3!O13) -> 41.23
A14: beego | B14: Post | C14: 10000 | D14: =AVERAGE(jm_r_1!D14,jm_r_2!D14,jm_r_3!D14) -> 10000 | E14: =AVERAGE(jm_r_1!E14,jm_r_2!E14,jm_r_3!E14) -> 1 | F14: =AVERAGE(jm_r_1!F14,jm_r_2!F14,jm_r_3!F14) -> 151.92667 | G14: =AVERAGE(jm_r_1!G14,jm_r_2!G14,jm_r_3!G14) -> 0 | H14: =AVERAGE(jm_r_1!H14,jm_r_2!H14,jm_r_3!H14) -> 601 | I14: =AVERAGE(jm_r_1!I14,jm_r_2!I14,jm_r_3!I14) -> 109.5 | J14: =AVERAGE(jm_r_1!J14,jm_r_2!J14,jm_r_3!J14) -> 299.33333 | K14: =AVERAGE(jm_r_1!K14,jm_r_2!K14,jm_r_3!K14) -> 358.33333 | ... O14: =AVERAGE(jm_r_1!O14,jm_r_2!O14,jm_r_3!O14) -> 76.946667
